repository,ref,path,top_level,mode,object_type,blob_hash,size_bytes
execution_pipeline,pre-monorepo-execution-pipeline-20260730,.gitattributes,.gitattributes,100644,blob,b4bd51091605764f4566ed1a1c6e45c298f33a41,392
execution_pipeline,pre-monorepo-execution-pipeline-20260730,.github/ISSUE_TEMPLATE/bug_report.md,.github,100644,blob,c17f93674178d4d67ce9cf7b4e9f2cc0e6b15ee0,679
execution_pipeline,pre-monorepo-execution-pipeline-20260730,.github/ISSUE_TEMPLATE/feature_request.md,.github,100644,blob,3a4581ad5578c7a76af68b65e7dcfb48f71f6a37,505
execution_pipeline,pre-monorepo-execution-pipeline-20260730,.github/PULL_REQUEST_TEMPLATE.md,.github,100644,blob,2d69f66b535c97a4f2ad02edcc5f69d3d8f07df1,265
execution_pipeline,pre-monorepo-execution-pipeline-20260730,.gitignore,.gitignore,100644,blob,6a9899394bc82d2123000bb8eef220a1308f3b94,403
execution_pipeline,pre-monorepo-execution-pipeline-20260730,README.md,README.md,100644,blob,293baf12c5a75000a4a7c26423feccf7f5117514,29
execution_pipeline,pre-monorepo-execution-pipeline-20260730,README_P0_1.md,README_P0_1.md,100644,blob,f495b2ea24f63117ee4d21132000f0b6e4a686b8,3094
execution_pipeline,pre-monorepo-execution-pipeline-20260730,auto_runner.py,auto_runner.py,100644,blob,1f143396e5fc2f5240ea60fe3e1a9b6a786c14ad,15911
execution_pipeline,pre-monorepo-execution-pipeline-20260730,data/evaluation/annotations/response_annotation_pilot_50_v1.csv,data,100644,blob,4994b359ea2c934c6519456d81d676db1e4099b3,226958
execution_pipeline,pre-monorepo-execution-pipeline-20260730,data/evaluation/annotations/response_annotation_pilot_50_v1.jsonl,data,100644,blob,d9d983d1da2d86dc4d8e518ff8ff819a1ee9e4d0,264761
execution_pipeline,pre-monorepo-execution-pipeline-20260730,data/evaluation/annotations/response_annotation_pilot_50_v1_labeled.jsonl,data,100644,blob,65fd8b4a8e7454b77fa62c910dd21dd8ef09abfd,270003
execution_pipeline,pre-monorepo-execution-pipeline-20260730,data/evaluation/annotations/response_annotation_pool_v1.csv,data,100644,blob,f5ad6153a3ee8ab55566ca5106aca78d5714617b,3038686
execution_pipeline,pre-monorepo-execution-pipeline-20260730,data/evaluation/annotations/response_annotation_pool_v1.jsonl,data,100644,blob,85843205caec076cf396a01becda683b6eab9df5,4382121
execution_pipeline,pre-monorepo-execution-pipeline-20260730,data/evaluation/input_revalidation/input_revalidation_pilot_200_v1.jsonl,data,100644,blob,231224a697d2bac3a94fe9866fc5c7ff123fa713,1189690
execution_pipeline,pre-monorepo-execution-pipeline-20260730,data/evaluation/input_revalidation/input_revalidation_pilot_200_v1_labeled.jsonl,data,100644,blob,9be5458b90850218fbd497d6097dae2d867b651b,1325522
execution_pipeline,pre-monorepo-execution-pipeline-20260730,docker-compose.yml,docker-compose.yml,100644,blob,8f0363a92873cda8c427ceb1f2b006e75b471a56,773
execution_pipeline,pre-monorepo-execution-pipeline-20260730,reports/pre_monorepo_freeze/FREEZE_NOTES_20260730.md,reports,100644,blob,36f383c23c5b32bf58405f918ac988ddde02a997,1566
execution_pipeline,pre-monorepo-execution-pipeline-20260730,requirements.txt,requirements.txt,100644,blob,898be3a2a9d3515a87956fa27b4ca25edd9f221b,3558
execution_pipeline,pre-monorepo-execution-pipeline-20260730,scanner/garak/config.py,scanner,100644,blob,a38e1c33c561bb5e6465f113a8998906ea3d6972,1673
execution_pipeline,pre-monorepo-execution-pipeline-20260730,scanner/garak/detector_map.py,scanner,100644,blob,c6a49a0befffa6b85ae3ce61963cb11111e4929a,1634
execution_pipeline,pre-monorepo-execution-pipeline-20260730,scanner/garak/main.py,scanner,100644,blob,d207d125e6172316a8a77fea30baac22403dd310,3146
execution_pipeline,pre-monorepo-execution-pipeline-20260730,scanner/garak/result_writer.py,scanner,100644,blob,5fbfdbb3b7064731a885fed24afcf0def0f7fba8,1060
execution_pipeline,pre-monorepo-execution-pipeline-20260730,scanner/garak/runner.py,scanner,100644,blob,78589d18fd6e496e7807ab4139d469b82f1284c5,1265
execution_pipeline,pre-monorepo-execution-pipeline-20260730,scanner/main.py,scanner,100644,blob,d202041c7a085405679d4af41ac15a24c2dd7c9f,1200
execution_pipeline,pre-monorepo-execution-pipeline-20260730,scanner/promptfoo/__init__.py,scanner,100644,blob,e69de29bb2d1d6434b8b29ae775ad8c2e48c5391,0
execution_pipeline,pre-monorepo-execution-pipeline-20260730,scanner/promptfoo/config.py,scanner,100644,blob,7483968fa885fd1b4239ea2798988aaad8be0f42,786
execution_pipeline,pre-monorepo-execution-pipeline-20260730,scanner/promptfoo/config_writer.py,scanner,100644,blob,214d0ad584592d267e187d22e96fc25f4a5d9419,1853
execution_pipeline,pre-monorepo-execution-pipeline-20260730,scanner/promptfoo/echo_provider.py,scanner,100644,blob,e63222ddf4dd3f238dd6ce734dac1f3647e4d013,313
execution_pipeline,pre-monorepo-execution-pipeline-20260730,scanner/promptfoo/main.py,scanner,100644,blob,38e6191babe0caa94781df5a25aa2a8a20e18bf8,2085
execution_pipeline,pre-monorepo-execution-pipeline-20260730,scanner/promptfoo/promptfooconfig.yaml,scanner,100644,blob,ddec429a04f60fb10a4a57c3e82a7e5036a3aa63,667
execution_pipeline,pre-monorepo-execution-pipeline-20260730,scanner/promptfoo/result.json,scanner,100644,blob,b40e7995d0f7ffd0e4aed36bbfb6ef9324f625fe,852665
execution_pipeline,pre-monorepo-execution-pipeline-20260730,scanner/promptfoo/result_writer.py,scanner,100644,blob,4c38ab6306a9df3262d0a649f0ee5775055745bf,1786
execution_pipeline,pre-monorepo-execution-pipeline-20260730,scanner/promptfoo/runner.py,scanner,100644,blob,a099a2c632e09a9ad9be774cf2ebaad5a725bc90,1944
execution_pipeline,pre-monorepo-execution-pipeline-20260730,scanner/promptfoo/test_cases.json,scanner,100644,blob,8d10975f2a3d710ee6323c0b088ab8d6057759f6,96490
execution_pipeline,pre-monorepo-execution-pipeline-20260730,scanner/pyrit/config.py,scanner,100644,blob,0638b2f74b5dd21658ac9e4e66f979af9ee83b44,1103
execution_pipeline,pre-monorepo-execution-pipeline-20260730,scanner/pyrit/main.py,scanner,100644,blob,c711307b5a30a444903deb3a52ec76df65ec8c7b,2335
execution_pipeline,pre-monorepo-execution-pipeline-20260730,scanner/pyrit/result_writer.py,scanner,100644,blob,784bdb0924f15b99bcb4cc940351c7c6ebfd82e3,2086
execution_pipeline,pre-monorepo-execution-pipeline-20260730,scanner/pyrit/runner.py,scanner,100644,blob,f3ba7b092a53300172f035f75d4005120e270e14,3235
execution_pipeline,pre-monorepo-execution-pipeline-20260730,scanner_input/__init__.py,scanner_input,100644,blob,e69de29bb2d1d6434b8b29ae775ad8c2e48c5391,0
execution_pipeline,pre-monorepo-execution-pipeline-20260730,scanner_input/config.py,scanner_input,100644,blob,5d6c23b5dda40b2b1fe47d61c559c2772b571a87,276
execution_pipeline,pre-monorepo-execution-pipeline-20260730,scanner_input/core/__init__.py,scanner_input,100644,blob,e69de29bb2d1d6434b8b29ae775ad8c2e48c5391,0
execution_pipeline,pre-monorepo-execution-pipeline-20260730,scanner_input/core/data_loader.py,scanner_input,100644,blob,acdb721609a7d8fb0043bbae4b6b4934c47445a8,856
execution_pipeline,pre-monorepo-execution-pipeline-20260730,scanner_input/core/data_models.py,scanner_input,100644,blob,85d5329a0af4439ba468ac15d6fb81904b754037,243
execution_pipeline,pre-monorepo-execution-pipeline-20260730,scanner_input/core/result_writer.py,scanner_input,100644,blob,95d1a43d942718cbd0c3f7c7a6179e96f94a6dab,495
execution_pipeline,pre-monorepo-execution-pipeline-20260730,scanner_input/integrations/__init__.py,scanner_input,100644,blob,e69de29bb2d1d6434b8b29ae775ad8c2e48c5391,0
execution_pipeline,pre-monorepo-execution-pipeline-20260730,scanner_input/integrations/garak/__init__.py,scanner_input,100644,blob,e69de29bb2d1d6434b8b29ae775ad8c2e48c5391,0
execution_pipeline,pre-monorepo-execution-pipeline-20260730,scanner_input/integrations/garak/input_builder.py,scanner_input,100644,blob,136efce464e9e123ca704a8c79deae2262b45407,625
execution_pipeline,pre-monorepo-execution-pipeline-20260730,scanner_input/integrations/pyrit/__init__.py,scanner_input,100644,blob,e69de29bb2d1d6434b8b29ae775ad8c2e48c5391,0
execution_pipeline,pre-monorepo-execution-pipeline-20260730,scanner_input/integrations/pyrit/input_builder.py,scanner_input,100644,blob,600df12f64466da75c30c140ad84f3c9bf1b1360,271
execution_pipeline,pre-monorepo-execution-pipeline-20260730,scanner_input/main.py,scanner_input,100644,blob,8239fd6735810e8aef0685a7f76d7501bd590167,1615
execution_pipeline,pre-monorepo-execution-pipeline-20260730,schemas/generated_case_v0_2.schema.json,schemas,100644,blob,368ae8bdbb231f91134bc6f315c154e8bc9b4b22,2202
execution_pipeline,pre-monorepo-execution-pipeline-20260730,src/__init__.py,src,100644,blob,e69de29bb2d1d6434b8b29ae775ad8c2e48c5391,0
execution_pipeline,pre-monorepo-execution-pipeline-20260730,src/common/__init__.py,src,100644,blob,e69de29bb2d1d6434b8b29ae775ad8c2e48c5391,0
execution_pipeline,pre-monorepo-execution-pipeline-20260730,src/common/jsonl.py,src,100644,blob,31debec0d9d4fa9706388cf5cbd3fcc7847ff57c,1534
execution_pipeline,pre-monorepo-execution-pipeline-20260730,src/dataset/__init__.py,src,100644,blob,e69de29bb2d1d6434b8b29ae775ad8c2e48c5391,0
execution_pipeline,pre-monorepo-execution-pipeline-20260730,src/dataset/loader.py,src,100644,blob,043b334a0d2ab23ddbba3b59cd4f4fe5464d62fd,2606
execution_pipeline,pre-monorepo-execution-pipeline-20260730,src/dataset/models.py,src,100644,blob,0999374b04cb2fda016cf8e009cf059847f77a05,501
execution_pipeline,pre-monorepo-execution-pipeline-20260730,src/evaluation/annotation_app.py,src,100644,blob,831b6a0f0da04f6530912d7c111a64c07d8d87a2,15939
execution_pipeline,pre-monorepo-execution-pipeline-20260730,src/evaluation/build_annotation_pool.py,src,100644,blob,e219a3c89ddfeaba67817687a04739314657dd0b,13678
execution_pipeline,pre-monorepo-execution-pipeline-20260730,src/evaluation/input_revalidation_app.py,src,100644,blob,88610f22d4e88febc87c2c848537ebfae53a84a8,7467
execution_pipeline,pre-monorepo-execution-pipeline-20260730,src/generation/__init__.py,src,100644,blob,e69de29bb2d1d6434b8b29ae775ad8c2e48c5391,0
execution_pipeline,pre-monorepo-execution-pipeline-20260730,src/generation/clients/__init__.py,src,100644,blob,e69de29bb2d1d6434b8b29ae775ad8c2e48c5391,0
execution_pipeline,pre-monorepo-execution-pipeline-20260730,src/generation/clients/base.py,src,100644,blob,0be671d1d45a333cb471d9eb64f7a46e7dafd185,1437
execution_pipeline,pre-monorepo-execution-pipeline-20260730,src/generation/clients/test_client_smoke.py,src,100644,blob,550b1ee3b516700f3b2bfefa4753bf93087e46aa,2045
execution_pipeline,pre-monorepo-execution-pipeline-20260730,src/generation/clients/vulnerable_llm.py,src,100644,blob,c8bfba007d1aaf0894f0c3870854f04983918009,6859
execution_pipeline,pre-monorepo-execution-pipeline-20260730,src/generation/inspect_inputs.py,src,100644,blob,0c5d52c64f0f799948486363299e7b973a9230ec,2422
execution_pipeline,pre-monorepo-execution-pipeline-20260730,src/generation/message_builder.py,src,100644,blob,f643fc3186819db371f3b4083f989323675b2c40,5890
execution_pipeline,pre-monorepo-execution-pipeline-20260730,src/generation/models.py,src,100644,blob,c24c34219d19e55d6f88b212762f03c44d81b806,1747
execution_pipeline,pre-monorepo-execution-pipeline-20260730,src/generation/result_models.py,src,100644,blob,afe43963d0b98018a294d2eb0c1a876c5c32a853,2679
execution_pipeline,pre-monorepo-execution-pipeline-20260730,src/generation/runner.py,src,100644,blob,6687741255213b614e5206eba0fb42f2675ff50a,12090
execution_pipeline,pre-monorepo-execution-pipeline-20260730,vulnerable_llm/Dockerfile,vulnerable_llm,100644,blob,e40ecb145861f15332590f9884e28d4f70c10cd9,188
execution_pipeline,pre-monorepo-execution-pipeline-20260730,vulnerable_llm/Modelfile.txt,vulnerable_llm,100644,blob,e2e6b400271df9bee587ccd2925fa220217a24bb,1090
execution_pipeline,pre-monorepo-execution-pipeline-20260730,vulnerable_llm/__init__.py,vulnerable_llm,100644,blob,e69de29bb2d1d6434b8b29ae775ad8c2e48c5391,0
execution_pipeline,pre-monorepo-execution-pipeline-20260730,vulnerable_llm/app.py,vulnerable_llm,100644,blob,2201e9a50922d2c600062d4ce077539c59f4bdbd,13620
execution_pipeline,pre-monorepo-execution-pipeline-20260730,vulnerable_llm/client.py,vulnerable_llm,100644,blob,7308694f91bed0c4ef23be73505781b74cdf79b3,1769
execution_pipeline,pre-monorepo-execution-pipeline-20260730,vulnerable_llm/config.py,vulnerable_llm,100644,blob,655c9552a173041308587a0e224055353f3d5d1c,484
execution_pipeline,pre-monorepo-execution-pipeline-20260730,vulnerable_llm/logging_utils.py,vulnerable_llm,100644,blob,1610dd0775e6d25a85dd7ea9262725db3846fdbf,461
execution_pipeline,pre-monorepo-execution-pipeline-20260730,vulnerable_llm/requirements.txt,vulnerable_llm,100644,blob,18c2a043452dc36418d0f6c17cede4f2c02c5117,73
execution_pipeline,pre-monorepo-execution-pipeline-20260730,vulnerable_llm/schemas.py,vulnerable_llm,100644,blob,92900f046e4dbcae7e66e3b5f951989f208a54f3,4724
execution_pipeline,pre-monorepo-execution-pipeline-20260730,vulnerable_llm/vuln.py,vulnerable_llm,100644,blob,2b305036e51baf23091f995735b409bb01cf7856,5212
