source_repository,source_ref,source_path,size_bytes,blob_hash,migration_decision,destination_path,review_notes
data_pipeline,pre-monorepo-data-pipeline-20260730,.gitattributes,537,add4f0e48c566d31bfa92c7628752e6888f74e5f,merge_manually,.gitattributes,
data_pipeline,pre-monorepo-data-pipeline-20260730,.gitignore,1367,39398b0f7d0f80e8c08eed379a8750e882587691,merge_manually,.gitignore,
data_pipeline,pre-monorepo-data-pipeline-20260730,README.md,13072,31ab90975aa99422ef328103a5ba83a22e046cbc,relocate_data_pipeline,docs/legacy/data_pipeline_repository_README.md,
data_pipeline,pre-monorepo-data-pipeline-20260730,data/README.md,802,2e9b889fa8fa904631808472b07bcb7855b539d3,review_data_artifact,,
data_pipeline,pre-monorepo-data-pipeline-20260730,data/inputs/mutation/mutation_seeds_diagnostic_v1_seed250.jsonl,131,856ea250e1caf4900e5e4c4ee03db2756926dcbc,review_data_artifact,,
data_pipeline,pre-monorepo-data-pipeline-20260730,data/manual_review/prompt_context_manual_review_benign_100_ai_first_pass_v1.xlsx,46792,c2babc2082374064cf424003e0055c4eae37c4bb,review_data_artifact,,
data_pipeline,pre-monorepo-data-pipeline-20260730,data/manual_review/prompt_context_manual_review_pilot_25seeds_ai_first_pass_v1.xlsx,58815,4ee36706409fb21867509ce6c5c190257bbdb78e,review_data_artifact,,
data_pipeline,pre-monorepo-data-pipeline-20260730,data/manual_review/prompt_context_manual_review_seed250_full_ai_first_pass_v1.xlsx,211424,e5b1ba0c65b8adbde4f51b793d8f822583161714,review_data_artifact,,
data_pipeline,pre-monorepo-data-pipeline-20260730,data/manual_review/prompt_context_manual_review_structure_intact_150_ai_first_pass_v1.xlsx,119832,0a88afbac0eceae7f1e8aa9ed8e8c38e906555c9,review_data_artifact,,
data_pipeline,pre-monorepo-data-pipeline-20260730,data/outputs/mutation/candidates/mutation_candidates_seed250_v1.jsonl,132,fd1ff483c664c914359532001b91bd6786cbe7f5,review_data_artifact,,
data_pipeline,pre-monorepo-data-pipeline-20260730,data/outputs/mutation/candidates/mutation_candidates_seed250_v1_unresolved.jsonl,130,6c58e0b10869212e65e7814a2e548119a86ef90e,review_data_artifact,,
data_pipeline,pre-monorepo-data-pipeline-20260730,data/outputs/mutation/logs/mutation_candidates_seed250_v1_attempts.jsonl,132,08be6539668b3fc4568444a1a1dcb5834d969cdd,review_data_artifact,,
data_pipeline,pre-monorepo-data-pipeline-20260730,data/review/01_seed_review/batches/seed_curation_100_v1.csv,350617,2a37039f695066c39d728aeb7e2adc57cb059e38,review_data_artifact,,
data_pipeline,pre-monorepo-data-pipeline-20260730,data/review/01_seed_review/batches/seed_curation_smoke50_candidates_v1.csv,146625,52d48b3e07c16791d35310e6e248c0e48b2b9ef9,review_data_artifact,,
data_pipeline,pre-monorepo-data-pipeline-20260730,data/review/01_seed_review/batches/seed_curation_smoke50_summary_v1.md,8488,66ab8a8bbcbf01752fe09f4b20fc49abb5000bc7,review_data_artifact,,
data_pipeline,pre-monorepo-data-pipeline-20260730,data/review/01_seed_review/batches/structure_sensitive_seed_6_v1.csv,27645,58fa7659a97a9ccb6e03a94d82176d836a7874e8,review_data_artifact,,
data_pipeline,pre-monorepo-data-pipeline-20260730,data/review/01_seed_review/benign/manual_review_benign_schema_v1.csv,259856,a7ecca3fa28e17f94941e1dc5ae2bb3b0fb9c5fe,review_data_artifact,,
data_pipeline,pre-monorepo-data-pipeline-20260730,data/review/01_seed_review/benign/manual_review_seed_malicious_schema_v1.csv,1161345,15597e034fe91c95f0fd31452651f14e2a9afd30,review_data_artifact,,
data_pipeline,pre-monorepo-data-pipeline-20260730,data/review/01_seed_review/bypass/manual_review_bypass_candidate_schema_v1.csv,651004,cd8f041353292ed016d44050e12c6fef70221a6f,review_data_artifact,,
data_pipeline,pre-monorepo-data-pipeline-20260730,data/review/01_seed_review/context_eval/manual_review_context_eval_schema_v1.csv,864824,16cb681902f8d7a06fa5fc8abc097a5f604ab7c6,review_data_artifact,,
data_pipeline,pre-monorepo-data-pipeline-20260730,data/review/01_seed_review/hard_negative/manual_review_hard_negative_schema_v1.csv,315413,32d260fc96e2bd7bcf2c1a5fa13f0f55400297a5,review_data_artifact,,
data_pipeline,pre-monorepo-data-pipeline-20260730,data/review/02_operator_review/completed/mutation_operator_manual_review_v1_completed.csv,43297,a2f916192894218a09103f018c6e53f3a98eae72,review_data_artifact,,
data_pipeline,pre-monorepo-data-pipeline-20260730,data/review/02_operator_review/input/mutation_operator_manual_review_v1.csv,40001,974393adb06dd83416d0a8430d07996fc876f035,review_data_artifact,,
data_pipeline,pre-monorepo-data-pipeline-20260730,data/review/03_mutation_review/batches/mutation_input_smoke_excluded_v1.csv,104565,a61a169375ac6d058648d6292454f8cb20e933cd,review_data_artifact,,
data_pipeline,pre-monorepo-data-pipeline-20260730,data/review/03_mutation_review/batches/seed_curation_250_v1.csv,474977,a87602da55c99aa056d36624d872f1006e0c8caa,review_data_artifact,,
data_pipeline,pre-monorepo-data-pipeline-20260730,data/review/03_mutation_review/batches/seed_curation_additional_150_v1.csv,116577,29e4f3e4adb6081fb872bf95acf3c25f2f07fb39,review_data_artifact,,
data_pipeline,pre-monorepo-data-pipeline-20260730,data/review/03_mutation_review/batches/seed_unspecified_relabel_62_v1.csv,26035,883be2f04a5f113278172166be57933f2b28e482,review_data_artifact,,
data_pipeline,pre-monorepo-data-pipeline-20260730,data/review/03_mutation_review/mutation_filter/mutation_candidates_1150_classified_v1.csv,796305,bb9b74f804e1700c4039d74c72e7eb95dccd66d7,review_data_artifact,,
data_pipeline,pre-monorepo-data-pipeline-20260730,data/review/03_mutation_review/mutation_filter/mutation_candidates_1150_drop_v1.jsonl,130,28f8a41d38e07f0447534559d27ee1239c970839,review_data_artifact,,
data_pipeline,pre-monorepo-data-pipeline-20260730,data/review/03_mutation_review/mutation_filter/mutation_candidates_1150_review_v1.jsonl,131,c39697c1e987c2324a63a92bf8c85136e1251b29,review_data_artifact,,
data_pipeline,pre-monorepo-data-pipeline-20260730,data/review/03_mutation_review/mutation_filter/mutation_candidates_1150_valid_v1.jsonl,132,5d7dafdfd97f06574980b1f3354f1c9aa2b5946f,review_data_artifact,,
data_pipeline,pre-monorepo-data-pipeline-20260730,data/review/04_structure_intact/audit/structure_audit_repository_file_v1_completed.csv,126597,410c266a48cc1b10697b088ef2e6467a30c4c536,review_data_artifact,,
data_pipeline,pre-monorepo-data-pipeline-20260730,data/review/04_structure_intact/audit/structure_audit_yaml_v1_completed.csv,119473,9dffe83cf4013d2082e1d7c7f3027065d46e6c11,review_data_artifact,,
data_pipeline,pre-monorepo-data-pipeline-20260730,data/review/04_structure_intact/audit/structure_intact_repository_file_selected_30_v1.csv,41797,a22e11f0880f64b92951bc9125e66b65d8075693,review_data_artifact,,
data_pipeline,pre-monorepo-data-pipeline-20260730,data/review/04_structure_intact/audit/structure_intact_repository_file_summary_v1.csv,163,b2229816ef05ffb556ac80d285c611b91b4d9c9b,review_data_artifact,,
data_pipeline,pre-monorepo-data-pipeline-20260730,data/review/04_structure_intact/audit/structure_intact_yaml_initial_audit_summary_v1.csv,112,1b658a7b269bafc2b95c208b5308baec72dab8a3,review_data_artifact,,
data_pipeline,pre-monorepo-data-pipeline-20260730,data/review/04_structure_intact/audit/structure_intact_yaml_selected_2_v1.csv,2198,ea40daac9f2565c34a5ec224897f1f762b42549f,review_data_artifact,,
data_pipeline,pre-monorepo-data-pipeline-20260730,data/review/04_structure_intact/external_structure_candidates/src10_scout450_v1/src10_scout450_code_block_candidates_v1.csv,190065,0bebf804659cbdf97ffdc8748f46868828664e07,review_data_artifact,,
data_pipeline,pre-monorepo-data-pipeline-20260730,data/review/04_structure_intact/external_structure_candidates/src10_scout450_v1/src10_scout450_code_block_candidates_v1_completed.csv,192305,ab7909abb43a3fced51e1a2e9f4bdac9c6e21f0a,review_data_artifact,,
data_pipeline,pre-monorepo-data-pipeline-20260730,data/review/04_structure_intact/external_structure_candidates/src10_scout450_v1/src10_scout450_json_candidates_v1.csv,229791,abae08a0d9e19be9d467bc6eeb82f897ca00602a,review_data_artifact,,
data_pipeline,pre-monorepo-data-pipeline-20260730,data/review/04_structure_intact/external_structure_candidates/src10_scout450_v1/src10_scout450_json_candidates_v1_completed.csv,234464,088a62c393f27f3ecbbff791792e34f41b92cd83,review_data_artifact,,
data_pipeline,pre-monorepo-data-pipeline-20260730,data/review/04_structure_intact/external_structure_candidates/src10_scout450_v1/src10_scout450_markdown_candidates_v1.csv,66846,7981ea48dc1104978155bbe07746d34b0f4532b2,review_data_artifact,,
data_pipeline,pre-monorepo-data-pipeline-20260730,data/review/04_structure_intact/external_structure_candidates/src10_scout450_v1/src10_scout450_markdown_candidates_v1_completed.csv,69952,add11e8daa89038e9db5f402c29d01b2983f5239,review_data_artifact,,
data_pipeline,pre-monorepo-data-pipeline-20260730,data/review/04_structure_intact/external_structure_candidates/src10_scout450_v1/src10_scout450_strict_audit_summary_v1.csv,213,c838b155bd239b805d82820e6010983e04ff8b42,review_data_artifact,,
data_pipeline,pre-monorepo-data-pipeline-20260730,data/review/04_structure_intact/external_structure_candidates/src10_scout450_v1/src10_scout450_structure_candidates_all_v1.csv,485730,6bb84d92777f0541d538ad5d5b31a876bebb9590,review_data_artifact,,
data_pipeline,pre-monorepo-data-pipeline-20260730,data/review/04_structure_intact/external_structure_candidates/src11_bipia_v1/src11_bipia_code_audit_30_v1.csv,83586,6fbe04e5ec26b133bef66d8903d1de7dbe2faf04,review_data_artifact,,
data_pipeline,pre-monorepo-data-pipeline-20260730,data/review/04_structure_intact/external_structure_candidates/src11_bipia_v1/src11_bipia_code_audit_30_v1_completed.csv,90622,f0420fa7f7ec8ed2923d7f4120f7dc03f761db26,review_data_artifact,,
data_pipeline,pre-monorepo-data-pipeline-20260730,data/review/04_structure_intact/external_structure_candidates/src11_bipia_v1/src11_bipia_code_candidates_all_v1.csv,20280291,0dfbf9519d945ce62033c69ea90f7d95af4c4a21,review_data_artifact,,
data_pipeline,pre-monorepo-data-pipeline-20260730,data/review/04_structure_intact/external_structure_candidates/src11_bipia_v1/src11_bipia_code_selected_10_v1.csv,25458,093cc449818fd4f2874def6f61901e15bb5a7431,review_data_artifact,,
data_pipeline,pre-monorepo-data-pipeline-20260730,data/review/04_structure_intact/external_structure_candidates/src11_bipia_v1/src11_bipia_code_strict_audit_summary_v1.csv,229,df86c9f1de4ce73447b19d352daadde19ea32ccf,review_data_artifact,,
data_pipeline,pre-monorepo-data-pipeline-20260730,data/review/04_structure_intact/external_structure_candidates/src12_bordair_v1/src12_bordair_yaml_audit_v1.csv,1023,bf673537152e3a32191e0cd39d5dff03d9411ade,review_data_artifact,,
data_pipeline,pre-monorepo-data-pipeline-20260730,data/review/04_structure_intact/external_structure_candidates/src12_bordair_v1/src12_bordair_yaml_candidates_all_v1.csv,1023,bf673537152e3a32191e0cd39d5dff03d9411ade,review_data_artifact,,
data_pipeline,pre-monorepo-data-pipeline-20260730,data/review/04_structure_intact/final/structure_intact_dataset_150_manifest_v1.csv,770,24b9646b8888812d1c897fb0a86f202d35331973,review_data_artifact,,
data_pipeline,pre-monorepo-data-pipeline-20260730,data/review/04_structure_intact/final/structure_intact_dataset_150_v1.csv,321233,41316c5c20f22cf86a0b08c58999e9ab563edcce,review_data_artifact,,
data_pipeline,pre-monorepo-data-pipeline-20260730,data/review/04_structure_intact/final/structure_intact_dataset_150_v1.jsonl,131,db7511ee1f2ceece5ff336600681f29b74187f46,review_data_artifact,,
data_pipeline,pre-monorepo-data-pipeline-20260730,data/review/04_structure_intact/final_selection/structure_intact_additional_14_selected_v1.csv,17007,4f5ae7a29fcb2764e1f34a795ebab4ac8954fd45,review_data_artifact,,
data_pipeline,pre-monorepo-data-pipeline-20260730,data/review/04_structure_intact/final_selection/structure_intact_bipia_code_additional_8_v1.csv,27559,924947b7834fcf0fc5eee6aaf986823587eb6ede,review_data_artifact,,
data_pipeline,pre-monorepo-data-pipeline-20260730,data/review/04_structure_intact/final_selection/structure_intact_bordair_selected_2_v1.csv,1460,87c342d1140633acdec4071bf20f63c3eb30c442,review_data_artifact,,
data_pipeline,pre-monorepo-data-pipeline-20260730,data/review/04_structure_intact/final_selection/structure_intact_markdown_additional_4_v1.csv,5486,9e65fbd150fbd632db0c9e0e45f696b318b33a59,review_data_artifact,,
data_pipeline,pre-monorepo-data-pipeline-20260730,data/review/04_structure_intact/structure_intact_audit_v1/structure_audit_code_block_v1.csv,4886,43a8eba67a3ea10a24fb3cdc8d2ec0648889edfa,review_data_artifact,,
data_pipeline,pre-monorepo-data-pipeline-20260730,data/review/04_structure_intact/structure_intact_audit_v1/structure_audit_code_block_v1_completed.csv,6002,bd1c5635b11e52b91da62062be9fa264ab5eebd2,review_data_artifact,,
data_pipeline,pre-monorepo-data-pipeline-20260730,data/review/04_structure_intact/structure_intact_audit_v1/structure_audit_json_v1.csv,2185,91a1ee1bccad9ff74a15824b30b24a82204e73a9,review_data_artifact,,
data_pipeline,pre-monorepo-data-pipeline-20260730,data/review/04_structure_intact/structure_intact_audit_v1/structure_audit_json_v1_completed.csv,2563,0f20c52811c956c66a5e931f956b1962d23ba9c8,review_data_artifact,,
data_pipeline,pre-monorepo-data-pipeline-20260730,data/review/04_structure_intact/structure_intact_audit_v1/structure_audit_markdown_v1.csv,14881,b51d0892c482bb0c6c4d1b9f79fea736e50d1482,review_data_artifact,,
data_pipeline,pre-monorepo-data-pipeline-20260730,data/review/04_structure_intact/structure_intact_audit_v1/structure_audit_markdown_v1_completed.csv,16882,b1066f970a9410da1863746147b3007ff5265606,review_data_artifact,,
data_pipeline,pre-monorepo-data-pipeline-20260730,data/review/04_structure_intact/structure_intact_audit_v1/structure_audit_repository_file_v1.csv,91197,326781ec2815a8ceae25409cb6fac5104ee5efed,review_data_artifact,,
data_pipeline,pre-monorepo-data-pipeline-20260730,data/review/04_structure_intact/structure_intact_audit_v1/structure_audit_scarce_formats_summary_v1.csv,136,cb17bc22cd7c1ed819927917df046a7e7a3b89a1,review_data_artifact,,
data_pipeline,pre-monorepo-data-pipeline-20260730,data/review/04_structure_intact/structure_intact_audit_v1/structure_audit_yaml_v1.csv,103781,a574f10bc3b7dd91581b57a5db590292518c8281,review_data_artifact,,
data_pipeline,pre-monorepo-data-pipeline-20260730,data/review/04_structure_intact/structure_intact_audit_v1/structure_intact_audit_192_v1.csv,215210,f0535b455823ea7bf9f6a6622cfa402acf648798,review_data_artifact,,
data_pipeline,pre-monorepo-data-pipeline-20260730,data/review/04_structure_intact/structure_intact_candidates_v1/structure_candidates_code_block_v1.csv,4759,eb8abd5298d6750893ea4d06d78e58c402be5edf,review_data_artifact,,
data_pipeline,pre-monorepo-data-pipeline-20260730,data/review/04_structure_intact/structure_intact_candidates_v1/structure_candidates_json_v1.csv,2124,730ae6288f3768bb381598fd1ebc393cc8bf20f5,review_data_artifact,,
data_pipeline,pre-monorepo-data-pipeline-20260730,data/review/04_structure_intact/structure_intact_candidates_v1/structure_candidates_markdown_v1.csv,14666,43e6b6deafb69747f2dd8543183d69958fcd6717,review_data_artifact,,
data_pipeline,pre-monorepo-data-pipeline-20260730,data/review/04_structure_intact/structure_intact_candidates_v1/structure_candidates_repository_file_v1.csv,252424,a4605c64a40bb5df7a70e230cb5f739833ce0cfd,review_data_artifact,,
data_pipeline,pre-monorepo-data-pipeline-20260730,data/review/04_structure_intact/structure_intact_candidates_v1/structure_candidates_yaml_v1.csv,315860,9df7fdc1dc69d294176998baceba62f5ef7a9252,review_data_artifact,,
data_pipeline,pre-monorepo-data-pipeline-20260730,data/review/04_structure_intact/structure_intact_candidates_v1/structure_intact_candidates_all_v1.csv,588181,d898849e94869e5d218974fa5cf06222f72a4a24,review_data_artifact,,
data_pipeline,pre-monorepo-data-pipeline-20260730,data/review/04_structure_intact/structure_intact_markdown_rescan_v2/markdown_rescan_audit_v2.csv,311840,ccba2ae965dc886d64da76bacc999385125cd0a9,review_data_artifact,,
data_pipeline,pre-monorepo-data-pipeline-20260730,data/review/04_structure_intact/structure_intact_markdown_rescan_v2/markdown_rescan_candidates_all_v2.csv,6794070,45cb8af3eb9689b8cd756ebdc336b309d6ca3a9f,review_data_artifact,,
data_pipeline,pre-monorepo-data-pipeline-20260730,data/review/04_structure_intact/structure_intact_markdown_rescan_v2/markdown_rescan_selected_4_summary_v2.csv,265,3b4c11bcd9fea62dfc8f3b0ab67206d2d469d0df,review_data_artifact,,
data_pipeline,pre-monorepo-data-pipeline-20260730,data/review/04_structure_intact/structure_intact_markdown_rescan_v2/markdown_rescan_selected_4_v2.csv,5499,fc4c5f7bacfb70c2b66fc63c633a9b9400c5f4dc,review_data_artifact,,
data_pipeline,pre-monorepo-data-pipeline-20260730,data/review/04_structure_intact/structure_intact_markdown_rescan_v2/markdown_rescan_targeted_audit_v2_completed.csv,9383,9f94e8f1ade702a8047ef59cec96e3b31d411856,review_data_artifact,,
data_pipeline,pre-monorepo-data-pipeline-20260730,data/review/04_structure_intact/yaml_rescan_v2/yaml_rescan_audit_v2.csv,82187,825b1779011a0614d97b75c80679f6d1f95dfb59,review_data_artifact,,
data_pipeline,pre-monorepo-data-pipeline-20260730,data/review/04_structure_intact/yaml_rescan_v2/yaml_rescan_audit_v2_completed.csv,95652,e2efe587dedf3f72aea34fe909e6a6d9f9c1c734,review_data_artifact,,
data_pipeline,pre-monorepo-data-pipeline-20260730,data/review/04_structure_intact/yaml_rescan_v2/yaml_rescan_candidates_all_v2.csv,82187,d29d1c01c6182a3e91df8fb31ebb7fa8d0ff2d10,review_data_artifact,,
data_pipeline,pre-monorepo-data-pipeline-20260730,data/review/04_structure_intact/yaml_rescan_v2/yaml_rescan_selected_strict_v2.csv,10061,ede7b74c1d8cadfd573d748a57a9dd65c752d51b,review_data_artifact,,
data_pipeline,pre-monorepo-data-pipeline-20260730,data/review/04_structure_intact/yaml_rescan_v2/yaml_rescan_strict_audit_summary_v2.csv,274,14cb851e40f14a9b07437e2d82df26e7924caf22,review_data_artifact,,
data_pipeline,pre-monorepo-data-pipeline-20260730,data/review/05_benign/final/benign_candidates_520_reviewed_v1.csv,672495,ddf2815fed937eac0022f8cb46114dd36c890d23,review_data_artifact,,
data_pipeline,pre-monorepo-data-pipeline-20260730,data/review/05_benign/final/benign_dataset_100_v1.csv,161697,2fa030ec3e6e270290f04033d248ab9e25cea266,review_data_artifact,,
data_pipeline,pre-monorepo-data-pipeline-20260730,data/review/05_benign/final/benign_dataset_100_v1.jsonl,131,b94aea0a50d9fd6396d64af0ba57d413edcfba8b,review_data_artifact,,
data_pipeline,pre-monorepo-data-pipeline-20260730,data/review/99_archive/manual_review_structure_intact_malicious_schema_v1.csv,383514,a6dc193779275bc8cf0b5569be0b32b8d5688e6f,review_data_artifact,,
data_pipeline,pre-monorepo-data-pipeline-20260730,data/review/README.md,4470,18aeff15fbebb5e8cf518052a90441175d9f4890,review_data_artifact,,
data_pipeline,pre-monorepo-data-pipeline-20260730,data/review/structure_intact_yaml_rescan_v2/yaml_rescan_audit_v2.csv,80828,f7db2bb1746a01a4535c300515b363ab8a32e2ec,review_data_artifact,,
data_pipeline,pre-monorepo-data-pipeline-20260730,data/review/structure_intact_yaml_rescan_v2/yaml_rescan_candidates_all_v2.csv,80828,b4845758f8777b4c2b0d774160a2fafaf1ba0dc5,review_data_artifact,,
data_pipeline,pre-monorepo-data-pipeline-20260730,docs/README.md,821,ee75cb3dd1fb2fd5ba67d61d037f635c3e1031eb,import_data_pipeline,docs/README.md,
data_pipeline,pre-monorepo-data-pipeline-20260730,docs/architecture/mutation_framework_overview.md,2296,dfc1fce38a07e05c26a92d9dc383f957b0678023,import_data_pipeline,docs/architecture/mutation_framework_overview.md,
data_pipeline,pre-monorepo-data-pipeline-20260730,docs/archive/README.md,278,71f67de0c9a75367aff2d5db815a3271db8cfa2a,import_data_pipeline,docs/archive/README.md,
data_pipeline,pre-monorepo-data-pipeline-20260730,docs/archive/operator_inventory_v1/operator_audit_matrix_v1.md,5541,7b6e7bcfd1fe16dd452755e8e6bf1db981d41013,import_data_pipeline,docs/archive/operator_inventory_v1/operator_audit_matrix_v1.md,
data_pipeline,pre-monorepo-data-pipeline-20260730,docs/archive/operator_inventory_v1/operator_inventory_v1.csv,7343,e9cd8674c6ff58c1696891d7ad6f6fbb503b0c03,import_data_pipeline,docs/archive/operator_inventory_v1/operator_inventory_v1.csv,
data_pipeline,pre-monorepo-data-pipeline-20260730,docs/archive/operator_inventory_v1/operator_inventory_v1.md,5342,9377d13d5250b98a8e59385f8045221630153433,import_data_pipeline,docs/archive/operator_inventory_v1/operator_inventory_v1.md,
data_pipeline,pre-monorepo-data-pipeline-20260730,docs/archive/superseded/README_bucket_free_pipeline_replacements_v1.md,1189,cf633b4650fd55ea4c46e045f3ed8da482f0a212,import_data_pipeline,docs/archive/superseded/README_bucket_free_pipeline_replacements_v1.md,
data_pipeline,pre-monorepo-data-pipeline-20260730,docs/archive/superseded/normalization_schema_v1.md,10240,d3e005bbe6cd4977f59abf773c78247fb4599d68,import_data_pipeline,docs/archive/superseded/normalization_schema_v1.md,
data_pipeline,pre-monorepo-data-pipeline-20260730,docs/archive/superseded/operator_example_v1.md,41698,46ef62e99bfebc39835d28c3bfa184479788edac,import_data_pipeline,docs/archive/superseded/operator_example_v1.md,
data_pipeline,pre-monorepo-data-pipeline-20260730,docs/archive/superseded/operator_policy_v1.md,9407,e6a0d9e56ed65b5c71ec5210ccbea02ccf1b66d1,import_data_pipeline,docs/archive/superseded/operator_policy_v1.md,
data_pipeline,pre-monorepo-data-pipeline-20260730,docs/archive/superseded/operator_policy_v2_draft.md,2891,9e475e6517c1f8bca904c4d764ebd4ea8fb0c189,import_data_pipeline,docs/archive/superseded/operator_policy_v2_draft.md,
data_pipeline,pre-monorepo-data-pipeline-20260730,docs/contract/README.md,772,1ffe1e5f54eb6ffc80b8822a1231eb544a885de8,import_data_pipeline,docs/contract/README.md,
data_pipeline,pre-monorepo-data-pipeline-20260730,docs/contract/dataset_schema_v1.json,4287,a4cd4126440fb0f129a912be7304eaf8b73172d1,import_data_pipeline,docs/contract/dataset_schema_v1.json,
data_pipeline,pre-monorepo-data-pipeline-20260730,docs/contract/dataset_schema_v1.md,4649,242d850f51ca36349bcf53c871ebc8ffe77471c1,import_data_pipeline,docs/contract/dataset_schema_v1.md,
data_pipeline,pre-monorepo-data-pipeline-20260730,docs/contract/mutation_input_contract_v1.md,9263,e3cc44b0004c45883c7e7b3cd8c35fdac075f10b,import_data_pipeline,docs/contract/mutation_input_contract_v1.md,
data_pipeline,pre-monorepo-data-pipeline-20260730,docs/contract/operator_contract_v0.1.md,9789,86136d1ed6f78ca5af3eaf96ec24f2793f341d36,import_data_pipeline,docs/contract/operator_contract_v0.1.md,
data_pipeline,pre-monorepo-data-pipeline-20260730,docs/howto/README_operator_inventory_tools_v1.md,850,8313364ce7c994aa50b39ca0cce0a36dd20cb21a,import_data_pipeline,docs/howto/README_operator_inventory_tools_v1.md,
data_pipeline,pre-monorepo-data-pipeline-20260730,docs/howto/add_operator.md,2530,0244e0bf8be3d2eb982b5e5f3a060da663e96c64,import_data_pipeline,docs/howto/add_operator.md,
data_pipeline,pre-monorepo-data-pipeline-20260730,docs/howto/quickstart.md,3307,5b4908870c1865cbcd3fefb30674f6da10420c0e,import_data_pipeline,docs/howto/quickstart.md,
data_pipeline,pre-monorepo-data-pipeline-20260730,docs/howto/snapshots.md,2521,1e45d918e4c72492cc18738529bee320fa35cd21,import_data_pipeline,docs/howto/snapshots.md,
data_pipeline,pre-monorepo-data-pipeline-20260730,docs/operator_inventory_v1.csv,8575,4afd4df48809cd5ea632f25ed466ba05b35ba873,import_data_pipeline,docs/operator_inventory_v1.csv,
data_pipeline,pre-monorepo-data-pipeline-20260730,docs/operator_inventory_v1.md,5558,805f7c96b734934a0aef83783acc67acec0dc16d,import_data_pipeline,docs/operator_inventory_v1.md,
data_pipeline,pre-monorepo-data-pipeline-20260730,docs/operator_policy_v2_draft.md,2930,85b393c695ca98dc93993b9c6dfd5f9f6d4f0689,import_data_pipeline,docs/operator_policy_v2_draft.md,
data_pipeline,pre-monorepo-data-pipeline-20260730,docs/policies/README.md,597,b6aacdd7ec1f367dff1e7cdb9212415e261f358a,import_data_pipeline,docs/policies/README.md,
data_pipeline,pre-monorepo-data-pipeline-20260730,docs/policies/mutation_design_v1.md,3858,ff1a217f7e527fe4774e4a102d63ad2473dc2592,import_data_pipeline,docs/policies/mutation_design_v1.md,
data_pipeline,pre-monorepo-data-pipeline-20260730,docs/policies/operator_assignment_policy_v1.md,4522,9b4bc91c75ae0bacf8bc04582fd8e99d7a4f7773,import_data_pipeline,docs/policies/operator_assignment_policy_v1.md,
data_pipeline,pre-monorepo-data-pipeline-20260730,docs/policies/operator_assignment_policy_v1_1.md,2379,5efe7fc65393e63534a31e0d8a3034f464666b7f,import_data_pipeline,docs/policies/operator_assignment_policy_v1_1.md,
data_pipeline,pre-monorepo-data-pipeline-20260730,docs/policies/operator_policy_v2.md,16951,3ec2715c5a7867b75ee0b1fac7e75a989481fb2f,import_data_pipeline,docs/policies/operator_policy_v2.md,
data_pipeline,pre-monorepo-data-pipeline-20260730,docs/policies/policy_operator_stats_logging_v0.1.md,2553,b4dd05a995b8e633cda8b8f367abaa380e120ee8,import_data_pipeline,docs/policies/policy_operator_stats_logging_v0.1.md,
data_pipeline,pre-monorepo-data-pipeline-20260730,docs/policies/policy_rng_repro_v0.1.md,2847,df8317dfe1ae934106d380eb689c1302d65c5999,import_data_pipeline,docs/policies/policy_rng_repro_v0.1.md,
data_pipeline,pre-monorepo-data-pipeline-20260730,docs/policies/policy_validity_guard_v0.1.md,3628,db40a94962b1be31ab0e34c00c171bb91e89368b,import_data_pipeline,docs/policies/policy_validity_guard_v0.1.md,
data_pipeline,pre-monorepo-data-pipeline-20260730,docs/policies/source_usage_decision_v1.md,8152,479d8038b3c16aba80cd09a75da5ba1bc46b72ea,import_data_pipeline,docs/policies/source_usage_decision_v1.md,
data_pipeline,pre-monorepo-data-pipeline-20260730,examples/.gitkeep,1,8b137891791fe96927ad78e64b0aad7bded08bdc,import_data_pipeline,examples/.gitkeep,
data_pipeline,pre-monorepo-data-pipeline-20260730,examples/__init__.py,0,e69de29bb2d1d6434b8b29ae775ad8c2e48c5391,import_data_pipeline,examples/__init__.py,
data_pipeline,pre-monorepo-data-pipeline-20260730,examples/generate_children.py,1024,1382229c4d39d592f73ef9a698b5cc9cde8228c4,import_data_pipeline,examples/generate_children.py,
data_pipeline,pre-monorepo-data-pipeline-20260730,examples/run_llm01_demo.py,2826,b10b8863f2d67d72908fae465a0a3e803e5031ec,import_data_pipeline,examples/run_llm01_demo.py,
data_pipeline,pre-monorepo-data-pipeline-20260730,examples/run_one_case.py,907,0811a559f2c01ad8a6bd5d13d24d726a9e81f5f4,import_data_pipeline,examples/run_one_case.py,
data_pipeline,pre-monorepo-data-pipeline-20260730,examples/seed_samples.json,5395,0575902d420ac4851ba7b6a7da484577c555248d,import_data_pipeline,examples/seed_samples.json,
data_pipeline,pre-monorepo-data-pipeline-20260730,pytest.ini,66,ec408c605ce0734643ed269d807e347c129c3b9e,merge_manually,pytest.ini,
data_pipeline,pre-monorepo-data-pipeline-20260730,reports/pre_monorepo_freeze/FREEZE_NOTES_20260730.md,1641,cd91ae142ec419b047a53cab49d809e6c2b1a6e4,relocate_data_pipeline,reports/pre_monorepo_freeze/DATA_PIPELINE_FREEZE_NOTES_20260730.md,
data_pipeline,pre-monorepo-data-pipeline-20260730,reports/pre_monorepo_freeze/local_artifacts_manifest_20260730.csv,3717,c7551fd7772f84ddfbef96dfb6e1cf76a8f3c1b2,relocate_data_pipeline,reports/pre_monorepo_freeze/local_artifacts_manifest_20260730.csv,
data_pipeline,pre-monorepo-data-pipeline-20260730,scripts/README.md,2274,f07475ed45b321f324d2145db8465dce8e520183,import_data_pipeline,scripts/README.md,
data_pipeline,pre-monorepo-data-pipeline-20260730,scripts/curation/build_mutation_input_from_reviewed_seeds_v1.py,11756,d4d92dd2c7e5ba86df1d561b5e4c59122d458465,import_data_pipeline,scripts/curation/build_mutation_input_from_reviewed_seeds_v1.py,
data_pipeline,pre-monorepo-data-pipeline-20260730,scripts/curation/export_seed250_to_mutation_input_v1.py,5178,517c9498c527c66d800c6517adf6077de649c7ee,import_data_pipeline,scripts/curation/export_seed250_to_mutation_input_v1.py,
data_pipeline,pre-monorepo-data-pipeline-20260730,scripts/curation/inspect_manual_review_curation_status_v1.py,5208,45ad9da0553f0e96c77f445f12f1c63900dc051e,import_data_pipeline,scripts/curation/inspect_manual_review_curation_status_v1.py,
data_pipeline,pre-monorepo-data-pipeline-20260730,scripts/curation/make_manual_review_samples_schema_v1.py,17795,82f513452e1b6fd16120d30fc79e7c35149644d7,import_data_pipeline,scripts/curation/make_manual_review_samples_schema_v1.py,
data_pipeline,pre-monorepo-data-pipeline-20260730,scripts/curation/select_benign_100_v1.py,6584,6909edf0deebd4b6a05330c0f08d1b020fa76680,import_data_pipeline,scripts/curation/select_benign_100_v1.py,
data_pipeline,pre-monorepo-data-pipeline-20260730,scripts/dataset/finalize/build_prompt_injection_diagnostic_dataset_1000_v1.py,24456,2a5ec5e041ea271520265b45a4db3d8cd22f0649,import_data_pipeline,scripts/dataset/finalize/build_prompt_injection_diagnostic_dataset_1000_v1.py,
data_pipeline,pre-monorepo-data-pipeline-20260730,scripts/mutation/export/export_mutation_smoke_valid_to_dataset_schema_v1.py,10113,bb67caa679f494759aa633d4360a7cadd50822e4,import_data_pipeline,scripts/mutation/export/export_mutation_smoke_valid_to_dataset_schema_v1.py,
data_pipeline,pre-monorepo-data-pipeline-20260730,scripts/mutation/export/select_final_mutated_500_v1.py,11502,144600433b7ac57f91ffcd475bea9b330f07e5df,import_data_pipeline,scripts/mutation/export/select_final_mutated_500_v1.py,
data_pipeline,pre-monorepo-data-pipeline-20260730,scripts/mutation/filter/filter_mutation_candidates_v1.py,12394,63ea6e628c8308b40fd2abfb709c23a4cab59bd6,import_data_pipeline,scripts/mutation/filter/filter_mutation_candidates_v1.py,
data_pipeline,pre-monorepo-data-pipeline-20260730,scripts/mutation/filter/filter_valid_mutation_outputs_v1.py,7500,1a292c880d15d421a74df54a03bedccce75f2ed2,import_data_pipeline,scripts/mutation/filter/filter_valid_mutation_outputs_v1.py,
data_pipeline,pre-monorepo-data-pipeline-20260730,scripts/mutation/filter/sample_mutation_outputs_for_manual_review_v1.py,7526,13c0eb0159b3973385f74a2728f11630f32eae81,import_data_pipeline,scripts/mutation/filter/sample_mutation_outputs_for_manual_review_v1.py,
data_pipeline,pre-monorepo-data-pipeline-20260730,scripts/mutation/finalize/select_final_mutated_500_balanced_v2.py,13747,6edf082f0bfcfe4befb822e0015fbc445818fe34,import_data_pipeline,scripts/mutation/finalize/select_final_mutated_500_balanced_v2.py,
data_pipeline,pre-monorepo-data-pipeline-20260730,scripts/mutation/inspect/inspect_llm01_seed_schema.py,2968,7ac6713d9f64cd7e9b0b40871dc441cc9f6ac505,import_data_pipeline,scripts/mutation/inspect/inspect_llm01_seed_schema.py,
data_pipeline,pre-monorepo-data-pipeline-20260730,scripts/mutation/inspect/inspect_mutation_input_operator_coverage_v1.py,3696,ee595ecc1ef066af14b095502b67998e13cf5f01,import_data_pipeline,scripts/mutation/inspect/inspect_mutation_input_operator_coverage_v1.py,
data_pipeline,pre-monorepo-data-pipeline-20260730,scripts/mutation/inspect/inspect_mutation_smoke_quality_v1.py,4553,6facb482e5479c263de450bbf879fbd7718c80db,import_data_pipeline,scripts/mutation/inspect/inspect_mutation_smoke_quality_v1.py,
data_pipeline,pre-monorepo-data-pipeline-20260730,scripts/mutation/inspect/inspect_operator_inventory_v1.py,22486,e7837f98d6d596cce915063f236cad9a9048864d,import_data_pipeline,scripts/mutation/inspect/inspect_operator_inventory_v1.py,
data_pipeline,pre-monorepo-data-pipeline-20260730,scripts/mutation/run/demo_cli.py,4246,871efbdd100e9aee09718d06343155b10bec33b0,import_data_pipeline,scripts/mutation/run/demo_cli.py,
data_pipeline,pre-monorepo-data-pipeline-20260730,scripts/mutation/run/run_mutation_smoke_from_engine_input_v1.py,38941,0cfa752dd8ad42d9a2d8874486959ad52d332895,import_data_pipeline,scripts/mutation/run/run_mutation_smoke_from_engine_input_v1.py,
data_pipeline,pre-monorepo-data-pipeline-20260730,scripts/mutation/run/smoke_buckets.py,2180,37d59e1bfde7e0f9957142ac397ad76252e7813a,import_data_pipeline,scripts/mutation/run/smoke_buckets.py,
data_pipeline,pre-monorepo-data-pipeline-20260730,scripts/normalization/build_mutation_seeds_llm01.py,6574,b688378c2c8bd3e0c3becf245e73d0bb0ef2654d,import_data_pipeline,scripts/normalization/build_mutation_seeds_llm01.py,
data_pipeline,pre-monorepo-data-pipeline-20260730,scripts/normalization/filter_normalized_candidates_v1.py,8020,bbeaca4fc02667d62f26a62d60d8e4e01ea3f69a,import_data_pipeline,scripts/normalization/filter_normalized_candidates_v1.py,
data_pipeline,pre-monorepo-data-pipeline-20260730,scripts/normalization/inspect_raw_sources.py,4982,7a27d5590d461b070484b171fb73968e9baec570,import_data_pipeline,scripts/normalization/inspect_raw_sources.py,
data_pipeline,pre-monorepo-data-pipeline-20260730,scripts/normalization/normalize_sampled_raw.py,15151,e8ba6cc0095c9e9d2825553a57a1ee0bc90c0c70,import_data_pipeline,scripts/normalization/normalize_sampled_raw.py,
data_pipeline,pre-monorepo-data-pipeline-20260730,scripts/normalization/normalize_sources_v1.py,20066,79d4b7dc56a5e6ce739262413a4e7aa780fc67a6,import_data_pipeline,scripts/normalization/normalize_sources_v1.py,
data_pipeline,pre-monorepo-data-pipeline-20260730,scripts/normalization/validate_and_merge_prompt_seeds.py,7936,b97bc54b65e75ac6bd7cc72e7454a9c2194d9f1a,import_data_pipeline,scripts/normalization/validate_and_merge_prompt_seeds.py,
data_pipeline,pre-monorepo-data-pipeline-20260730,scripts/normalization/validate_mutation_seeds_llm01.py,6109,e8bb42e47d754158e800ed888c28e48403e92ce4,import_data_pipeline,scripts/normalization/validate_mutation_seeds_llm01.py,
data_pipeline,pre-monorepo-data-pipeline-20260730,scripts/normalization/validate_prompt_seed_dataset_llm01.py,5996,0799a3ae882f57898330353a108d25134ebcc18e,import_data_pipeline,scripts/normalization/validate_prompt_seed_dataset_llm01.py,
data_pipeline,pre-monorepo-data-pipeline-20260730,scripts/structure_intact/audit/prepare_structure_candidate_audit_v1.py,8923,fc8e7359864826a0a1ffd189eeec3abdfd945eaf,import_data_pipeline,scripts/structure_intact/audit/prepare_structure_candidate_audit_v1.py,
data_pipeline,pre-monorepo-data-pipeline-20260730,scripts/structure_intact/collect/collect_bipia_code_structure_candidates_v1.py,15192,93c312b16626fae6465e39353c666b0280f014f2,import_data_pipeline,scripts/structure_intact/collect/collect_bipia_code_structure_candidates_v1.py,
data_pipeline,pre-monorepo-data-pipeline-20260730,scripts/structure_intact/collect/collect_scout450_structure_candidates_v1.py,17819,2579f64a83356af926f7f615b25a49b79227b4d4,import_data_pipeline,scripts/structure_intact/collect/collect_scout450_structure_candidates_v1.py,
data_pipeline,pre-monorepo-data-pipeline-20260730,scripts/structure_intact/collect/extract_structure_intact_candidates_v1.py,19733,b0f9f2bee8e8fb4ea54252e0e014d7a948de25b3,import_data_pipeline,scripts/structure_intact/collect/extract_structure_intact_candidates_v1.py,
data_pipeline,pre-monorepo-data-pipeline-20260730,scripts/structure_intact/extract/extract_bordair_yaml_candidates_v1.py,16962,853b3b273f12849f989a6715b49bbfa95580c27e,import_data_pipeline,scripts/structure_intact/extract/extract_bordair_yaml_candidates_v1.py,
data_pipeline,pre-monorepo-data-pipeline-20260730,scripts/structure_intact/finalize/build_structure_intact_dataset_150_v1.py,9829,530dbe296a75b31f491cfd9b5a6862bd2ff3eb97,import_data_pipeline,scripts/structure_intact/finalize/build_structure_intact_dataset_150_v1.py,
data_pipeline,pre-monorepo-data-pipeline-20260730,scripts/structure_intact/inspect/inspect_bipia_builder_output_v1.py,2831,375ff3f8c9538c37544bf92e00ece8f4fc1bb8ca,import_data_pipeline,scripts/structure_intact/inspect/inspect_bipia_builder_output_v1.py,
data_pipeline,pre-monorepo-data-pipeline-20260730,scripts/structure_intact/inspect/inspect_bipia_code_schema_v1.py,2991,9f7fed8554a3565cda17d0af4c775025c65f201a,import_data_pipeline,scripts/structure_intact/inspect/inspect_bipia_code_schema_v1.py,
data_pipeline,pre-monorepo-data-pipeline-20260730,scripts/structure_intact/inspect/inspect_bordair_yaml_source_v1.py,5867,f0444a41d1988ee154e7d80aa04c0191ce4f02e5,import_data_pipeline,scripts/structure_intact/inspect/inspect_bordair_yaml_source_v1.py,
data_pipeline,pre-monorepo-data-pipeline-20260730,scripts/structure_intact/rescan/rescan_normalized_markdown_candidates_v2.py,19117,9b1cc65fad92e8cb412347c12fe0c375429b7693,import_data_pipeline,scripts/structure_intact/rescan/rescan_normalized_markdown_candidates_v2.py,
data_pipeline,pre-monorepo-data-pipeline-20260730,scripts/structure_intact/rescan/rescan_normalized_yaml_candidates_v2.py,31060,ff2d01014be361311f5968b0e08d2190d8598bf4,import_data_pipeline,scripts/structure_intact/rescan/rescan_normalized_yaml_candidates_v2.py,
data_pipeline,pre-monorepo-data-pipeline-20260730,src/README_bucket_free_core_replacements_v1.md,1522,a883a62f880cdc7c5cfa0b39fc38a566bc914ae4,import_data_pipeline,src/README_bucket_free_core_replacements_v1.md,
data_pipeline,pre-monorepo-data-pipeline-20260730,src/__init__.py,0,e69de29bb2d1d6434b8b29ae775ad8c2e48c5391,keep_execution,src/__init__.py,
data_pipeline,pre-monorepo-data-pipeline-20260730,src/config/__init__.py,0,e69de29bb2d1d6434b8b29ae775ad8c2e48c5391,import_data_pipeline,src/config/__init__.py,
data_pipeline,pre-monorepo-data-pipeline-20260730,src/config/buckets.py,382,13aea3bf7c72b127448197f4cc483c30d171abbe,import_data_pipeline,src/config/buckets.py,
data_pipeline,pre-monorepo-data-pipeline-20260730,src/config/enabled_buckets.py,511,9d0f7b6aceea91a67775fc9d2adf399d56b7c808,import_data_pipeline,src/config/enabled_buckets.py,
data_pipeline,pre-monorepo-data-pipeline-20260730,src/core/__init__.py,0,e69de29bb2d1d6434b8b29ae775ad8c2e48c5391,import_data_pipeline,src/core/__init__.py,
data_pipeline,pre-monorepo-data-pipeline-20260730,src/core/mutator.py,20641,6be2a8db940f703e207d020948926467fe3d070e,import_data_pipeline,src/core/mutator.py,
data_pipeline,pre-monorepo-data-pipeline-20260730,src/core/novelty_tracker.py,2189,ca5471580f1a9e1f3bafb79546ae810753973e7f,import_data_pipeline,src/core/novelty_tracker.py,
data_pipeline,pre-monorepo-data-pipeline-20260730,src/core/operator_assignment_policy.py,16684,f98fedd36ba5b6aaeccafbe73f17a82e5e58ecd9,import_data_pipeline,src/core/operator_assignment_policy.py,
data_pipeline,pre-monorepo-data-pipeline-20260730,src/core/registry.py,33542,4c548f6238471424711cb27f18226192a690aa91,import_data_pipeline,src/core/registry.py,
data_pipeline,pre-monorepo-data-pipeline-20260730,src/core/rng.py,721,8c5f4199717515c65cbf867b8de433f005b36a6b,import_data_pipeline,src/core/rng.py,
data_pipeline,pre-monorepo-data-pipeline-20260730,src/core/selection_hook.py,1548,af03dc3a0a58c7873f8a4cf288bedd7eef25d092,import_data_pipeline,src/core/selection_hook.py,
data_pipeline,pre-monorepo-data-pipeline-20260730,src/core/selector.py,18701,c851243228bf61caa149bfd713dd1e77e067eb6b,import_data_pipeline,src/core/selector.py,
data_pipeline,pre-monorepo-data-pipeline-20260730,src/core/selector_stats.py,4101,bb42840efdb0e85d599b03d5abba8336a3b81e9e,import_data_pipeline,src/core/selector_stats.py,
data_pipeline,pre-monorepo-data-pipeline-20260730,src/core/selector_weights.py,2095,6723c40a2b0488fb377d2e39c5fc7a19e6b02231,import_data_pipeline,src/core/selector_weights.py,
data_pipeline,pre-monorepo-data-pipeline-20260730,src/core/trace.py,1228,762098e3a1e5db068a0a16b37401a356af129d9a,import_data_pipeline,src/core/trace.py,
data_pipeline,pre-monorepo-data-pipeline-20260730,src/core/types.py,5051,523d437272d105b55eb74db0496a4f7071922f2e,import_data_pipeline,src/core/types.py,
data_pipeline,pre-monorepo-data-pipeline-20260730,src/core/validity_guard.py,4622,36dc710a77f0a96b023988db93a465e8346dbb94,import_data_pipeline,src/core/validity_guard.py,
data_pipeline,pre-monorepo-data-pipeline-20260730,src/operators/__init__.py,0,e69de29bb2d1d6434b8b29ae775ad8c2e48c5391,import_data_pipeline,src/operators/__init__.py,
data_pipeline,pre-monorepo-data-pipeline-20260730,src/operators/op_comp_expand_context.py,4207,157f19a21ad6e70a08f446b81800be1bc1869e0b,import_data_pipeline,src/operators/op_comp_expand_context.py,
data_pipeline,pre-monorepo-data-pipeline-20260730,src/operators/op_ctx_bypass_review_wrapper.py,5432,f194dfa93b2874e150870be7bc27199af9d51376,import_data_pipeline,src/operators/op_ctx_bypass_review_wrapper.py,
data_pipeline,pre-monorepo-data-pipeline-20260730,src/operators/op_direct_override_prefix.py,7935,77aaed5c6aa5356a1e7867b0eacd1a3be17029fe,import_data_pipeline,src/operators/op_direct_override_prefix.py,
data_pipeline,pre-monorepo-data-pipeline-20260730,src/operators/op_fmt_markdown_wrapper.py,4195,e3fa3067d8ccd97a944d8806d47dcadafbec0680,import_data_pipeline,src/operators/op_fmt_markdown_wrapper.py,
data_pipeline,pre-monorepo-data-pipeline-20260730,src/operators/op_fmt_punctuation_resegmentation.py,7099,d1999949848f4f9ff18ebc00cf7f3750896560e1,import_data_pipeline,src/operators/op_fmt_punctuation_resegmentation.py,
data_pipeline,pre-monorepo-data-pipeline-20260730,src/operators/op_fmt_structured_wrapper_json_yaml.py,6180,d8086bb4fcdec700563a363181a0d4d5435ec6c7,import_data_pipeline,src/operators/op_fmt_structured_wrapper_json_yaml.py,
data_pipeline,pre-monorepo-data-pipeline-20260730,src/operators/op_fmt_whitespace_noise.py,7839,c85b67ed53e80b93dc0609e0d797439c8479a5ee,import_data_pipeline,src/operators/op_fmt_whitespace_noise.py,
data_pipeline,pre-monorepo-data-pipeline-20260730,src/operators/op_json_schema_preserving_field_wrap.py,10157,3c912934f7b06bd41992510d8f3aca371a9afe11,import_data_pipeline,src/operators/op_json_schema_preserving_field_wrap.py,
data_pipeline,pre-monorepo-data-pipeline-20260730,src/operators/op_lex_homoglyph_injection.py,7067,0d268d249b208fe4bf71c243f1606c65b8387d69,import_data_pipeline,src/operators/op_lex_homoglyph_injection.py,
data_pipeline,pre-monorepo-data-pipeline-20260730,src/operators/op_lex_polite_prefix.py,6067,e206c0e5f4b50c441c76a816ce79160f006116c5,import_data_pipeline,src/operators/op_lex_polite_prefix.py,
data_pipeline,pre-monorepo-data-pipeline-20260730,src/operators/op_lex_refusal_suppression.py,6070,002040da72573a758475ce6ecb9b6aa24177dcf2,import_data_pipeline,src/operators/op_lex_refusal_suppression.py,
data_pipeline,pre-monorepo-data-pipeline-20260730,src/operators/op_salience_preserving_line_compression.py,11233,c20140d2e9ddbfd970d88bf504c04b4478cc93f2,import_data_pipeline,src/operators/op_salience_preserving_line_compression.py,
data_pipeline,pre-monorepo-data-pipeline-20260730,src/operators/op_syn_boundary_delimiter_injection.py,5477,3dd3917f3781f49482102a6b10ce0292e095d616,import_data_pipeline,src/operators/op_syn_boundary_delimiter_injection.py,
data_pipeline,pre-monorepo-data-pipeline-20260730,src/operators/op_syn_fake_tool_instruction_injection.py,8831,c79077bbf8f213685d293d0925a206ab9591e75a,import_data_pipeline,src/operators/op_syn_fake_tool_instruction_injection.py,
data_pipeline,pre-monorepo-data-pipeline-20260730,src/operators/op_syn_tool_call_argument_perturbation.py,9557,727774f9fac558c18dc430c458a68c1d4c47f3b5,import_data_pipeline,src/operators/op_syn_tool_call_argument_perturbation.py,
data_pipeline,pre-monorepo-data-pipeline-20260730,src/operators/op_syn_trust_violation_trigger.py,2388,78ddfa0a6ec26f33556dea18d9e64e3f25cce295,import_data_pipeline,src/operators/op_syn_trust_violation_trigger.py,
data_pipeline,pre-monorepo-data-pipeline-20260730,src/operators/op_syn_unverified_data_injection.py,2318,68319b8f80c3549a3410eb08a802b60aa4a66120,import_data_pipeline,src/operators/op_syn_unverified_data_injection.py,
data_pipeline,pre-monorepo-data-pipeline-20260730,src/operators_disabled_v1/op_comp_adversarial_training_data_manipulation.py,2354,38e35564382e9698fcf4a07ea5389e6f89a82f1d,import_data_pipeline,src/operators_disabled_v1/op_comp_adversarial_training_data_manipulation.py,
data_pipeline,pre-monorepo-data-pipeline-20260730,src/operators_disabled_v1/op_comp_hallucination_induction.py,2366,475416c2d9fbe9db21f9708a9e233a16d28cd321,import_data_pipeline,src/operators_disabled_v1/op_comp_hallucination_induction.py,
data_pipeline,pre-monorepo-data-pipeline-20260730,src/operators_disabled_v1/op_comp_unbounded_consumption.py,1905,1ac92995f244ec483bc7e4b7e3c588eda2965a65,import_data_pipeline,src/operators_disabled_v1/op_comp_unbounded_consumption.py,
data_pipeline,pre-monorepo-data-pipeline-20260730,src/operators_disabled_v1/op_constraint_biased_training_data_injection.py,2343,a4185abcf102afca13ccda3bfaf0499c5db01d15,import_data_pipeline,src/operators_disabled_v1/op_constraint_biased_training_data_injection.py,
data_pipeline,pre-monorepo-data-pipeline-20260730,src/operators_disabled_v1/op_constraint_model_backdoor_injection.py,2342,9c67c2ad97db4b702bd13a30caf23d1492b36b36,import_data_pipeline,src/operators_disabled_v1/op_constraint_model_backdoor_injection.py,
data_pipeline,pre-monorepo-data-pipeline-20260730,src/operators_disabled_v1/op_lex_data_poisoning_injection.py,2245,51426963de657b829f03b0d52ae4fe8525bbff6e,import_data_pipeline,src/operators_disabled_v1/op_lex_data_poisoning_injection.py,
data_pipeline,pre-monorepo-data-pipeline-20260730,src/operators_disabled_v1/op_lex_misinformation_generation.py,2348,ee6be5f3e538bdf3527742d3aa862ba01e6f6b1a,import_data_pipeline,src/operators_disabled_v1/op_lex_misinformation_generation.py,
data_pipeline,pre-monorepo-data-pipeline-20260730,src/operators_legacy/op_fmt_html_document_embedding.py,6030,fcc979e1c997fa2f1a6980f4be2e0ff04b765f12,import_data_pipeline,src/operators_legacy/op_fmt_html_document_embedding.py,
data_pipeline,pre-monorepo-data-pipeline-20260730,src/operators_legacy/op_lex_obfuscation_encoding_wrapper.py,5679,775599ebbbdd9f522aec127c931535d48ed5775b,import_data_pipeline,src/operators_legacy/op_lex_obfuscation_encoding_wrapper.py,
data_pipeline,pre-monorepo-data-pipeline-20260730,src/operators_legacy/op_syn_authority_pretext_framing.py,3358,5227d4fb34c3f27d13bc0966d075f61e43c0129f,import_data_pipeline,src/operators_legacy/op_syn_authority_pretext_framing.py,
data_pipeline,pre-monorepo-data-pipeline-20260730,src/pipelines/README.md,3162,51d82b9ba90fc915d6502f8eefaf5a38e479cd9a,import_data_pipeline,src/pipelines/README.md,
data_pipeline,pre-monorepo-data-pipeline-20260730,src/pipelines/export_execution_input_jsonl.py,6355,fb454c11489c1b2ee35d89953ec9bd4426e44071,import_data_pipeline,src/pipelines/export_execution_input_jsonl.py,
data_pipeline,pre-monorepo-data-pipeline-20260730,src/pipelines/inspect_registry.py,5993,7a57038f024a3c31fb3f2d5e434cbbba3b548268,import_data_pipeline,src/pipelines/inspect_registry.py,
data_pipeline,pre-monorepo-data-pipeline-20260730,src/pipelines/report_llm01_batch.py,6184,b7dacb5a5cefefcd8129206eaa93abd81ad9659f,import_data_pipeline,src/pipelines/report_llm01_batch.py,
data_pipeline,pre-monorepo-data-pipeline-20260730,src/pipelines/report_llm01_diversity.py,6828,9810a883323faa8e8f9e5a7f435f22988f42ec8b,import_data_pipeline,src/pipelines/report_llm01_diversity.py,
data_pipeline,pre-monorepo-data-pipeline-20260730,src/pipelines/run_llm01_batch.py,16037,f9a18642a4fdc510eb56600bd89162f5ff1255ec,import_data_pipeline,src/pipelines/run_llm01_batch.py,
data_pipeline,pre-monorepo-data-pipeline-20260730,src/pipelines/run_operator_smoke_test.py,7795,c9f0949430d93c14fabf853c0f11881aa6dad685,import_data_pipeline,src/pipelines/run_operator_smoke_test.py,
data_pipeline,pre-monorepo-data-pipeline-20260730,tests/conftest.py,4969,d7f5f76eca2afec825b8f73cba845f222df577c8,import_data_pipeline,tests/conftest.py,
data_pipeline,pre-monorepo-data-pipeline-20260730,tests/snapshot/.gitkeep,1,8b137891791fe96927ad78e64b0aad7bded08bdc,import_data_pipeline,tests/snapshot/.gitkeep,
data_pipeline,pre-monorepo-data-pipeline-20260730,tests/snapshot/snapshots.json,3504,8f3d58e1ee33af1b8a0f9216c861487123b729a0,import_data_pipeline,tests/snapshot/snapshots.json,
data_pipeline,pre-monorepo-data-pipeline-20260730,tests/snapshot/test_op_comp_expand_context_snapshot.py,786,5251c598571e6e51f15617b3795ad7fcd0561827,import_data_pipeline,tests/snapshot/test_op_comp_expand_context_snapshot.py,
data_pipeline,pre-monorepo-data-pipeline-20260730,tests/snapshot/test_op_comp_unbounded_consumption_snapshot.py,1274,aeaa234e3bca1ba4c89a67595bc79e25a83f83c1,import_data_pipeline,tests/snapshot/test_op_comp_unbounded_consumption_snapshot.py,
data_pipeline,pre-monorepo-data-pipeline-20260730,tests/snapshot/test_op_constraint_schema_preserving_mutation_snapshot.py,638,7e9b2caaa1b7bfa95f85f1d23b6a73818b720da6,import_data_pipeline,tests/snapshot/test_op_constraint_schema_preserving_mutation_snapshot.py,
data_pipeline,pre-monorepo-data-pipeline-20260730,tests/snapshot/test_op_fmt_html_document_embedding.py,3301,944d2d3f74e62201c9022e7444cb5f7ab2f20650,import_data_pipeline,tests/snapshot/test_op_fmt_html_document_embedding.py,
data_pipeline,pre-monorepo-data-pipeline-20260730,tests/snapshot/test_op_fmt_markdown_wrapper_snapshot.py,750,dc0f58b2601f594f99657291f16b84b78e8a2880,import_data_pipeline,tests/snapshot/test_op_fmt_markdown_wrapper_snapshot.py,
data_pipeline,pre-monorepo-data-pipeline-20260730,tests/snapshot/test_op_fmt_punctuation_resegmentation_snapshot.py,1854,0d0d4ebbbdf0e7b47cca1acfbf628354e747ceae,import_data_pipeline,tests/snapshot/test_op_fmt_punctuation_resegmentation_snapshot.py,
data_pipeline,pre-monorepo-data-pipeline-20260730,tests/snapshot/test_op_fmt_structured_wrapper_json_yaml_snapshot.py,1100,4852ca1746d56a13a03061e5dd31fda0794e3210,import_data_pipeline,tests/snapshot/test_op_fmt_structured_wrapper_json_yaml_snapshot.py,
data_pipeline,pre-monorepo-data-pipeline-20260730,tests/snapshot/test_op_fmt_whitespace_noise_snapshot.py,603,6f64add4ce703acffacc3514fc80f8a077fd9b65,import_data_pipeline,tests/snapshot/test_op_fmt_whitespace_noise_snapshot.py,
data_pipeline,pre-monorepo-data-pipeline-20260730,tests/snapshot/test_op_lex_homoglyph_injection_snapshot.py,1557,367df451e1b63e6897b19d39441db5b9e36835b5,import_data_pipeline,tests/snapshot/test_op_lex_homoglyph_injection_snapshot.py,
data_pipeline,pre-monorepo-data-pipeline-20260730,tests/snapshot/test_op_lex_obfuscation_encoding_wrapper.py,1667,b58e216cd00a4285070ace946b4cb4a1f3065967,import_data_pipeline,tests/snapshot/test_op_lex_obfuscation_encoding_wrapper.py,
data_pipeline,pre-monorepo-data-pipeline-20260730,tests/snapshot/test_op_lex_override_instructions_snapshot.py,1486,cdab0ff4badbd36bab737f746177bce05e05ef48,import_data_pipeline,tests/snapshot/test_op_lex_override_instructions_snapshot.py,
data_pipeline,pre-monorepo-data-pipeline-20260730,tests/snapshot/test_op_lex_polite_prefix_snapshot.py,1339,621fb1f1324797a14b8db4ff5e687590373acfb2,import_data_pipeline,tests/snapshot/test_op_lex_polite_prefix_snapshot.py,
data_pipeline,pre-monorepo-data-pipeline-20260730,tests/snapshot/test_op_lex_refusal_suppression_snapshot.py,1336,459eb377e37e359db43f81f8fbd84f40cba45128,import_data_pipeline,tests/snapshot/test_op_lex_refusal_suppression_snapshot.py,
data_pipeline,pre-monorepo-data-pipeline-20260730,tests/snapshot/test_op_lex_shorten_snapshot.py,1323,c3875077d20a8bbe24e48fd6491bcccdf9931f9d,import_data_pipeline,tests/snapshot/test_op_lex_shorten_snapshot.py,
data_pipeline,pre-monorepo-data-pipeline-20260730,tests/snapshot/test_op_syn_authority_pretext_framing.py,2091,0b685caef4a22a4bc622d94db9ca4e17be8a607b,import_data_pipeline,tests/snapshot/test_op_syn_authority_pretext_framing.py,
data_pipeline,pre-monorepo-data-pipeline-20260730,tests/snapshot/test_op_syn_boundary_delimiter_injection_snapshot.py,1325,38d1c33fb5a4a69de104abd7f1f79b7b11059661,import_data_pipeline,tests/snapshot/test_op_syn_boundary_delimiter_injection_snapshot.py,
data_pipeline,pre-monorepo-data-pipeline-20260730,tests/snapshot/test_op_syn_fake_tool_instruction_injection_snapshot.py,1556,0913e72665670b48ed1034ca077761946eb0b459,import_data_pipeline,tests/snapshot/test_op_syn_fake_tool_instruction_injection_snapshot.py,
data_pipeline,pre-monorepo-data-pipeline-20260730,tests/snapshot/test_op_syn_tool_call_argument_perturbation_snapshot.py,1559,7f2a1d72577bcb322fb65800faf765d589703f75,import_data_pipeline,tests/snapshot/test_op_syn_tool_call_argument_perturbation_snapshot.py,
data_pipeline,pre-monorepo-data-pipeline-20260730,tests/snapshot/test_snapshot_runner.py,5422,4b4ebfb7d03e5062b75ed81e91e1f118822d4573,import_data_pipeline,tests/snapshot/test_snapshot_runner.py,
data_pipeline,pre-monorepo-data-pipeline-20260730,tests/snapshot/test_snapshots_deterministic.py,2855,5b9a54375ccd6edf6c7a1a69d0ddef0dcb111af3,import_data_pipeline,tests/snapshot/test_snapshots_deterministic.py,
data_pipeline,pre-monorepo-data-pipeline-20260730,tests/unit/test_constraints_max_chars.py,1144,f53f1c147e8c455aa3d4dde21621b0b5fe1a800b,import_data_pipeline,tests/unit/test_constraints_max_chars.py,
data_pipeline,pre-monorepo-data-pipeline-20260730,tests/unit/test_mutator_policy_a.py,4242,7758d1dc3e15ecdd1bd3f4518a2ea8dcb9142776,import_data_pipeline,tests/unit/test_mutator_policy_a.py,
data_pipeline,pre-monorepo-data-pipeline-20260730,tests/unit/test_operator_assignment_policy_v1_1.py,3089,c2c45bd32642d5f543264958cab5cabb219d4870,import_data_pipeline,tests/unit/test_operator_assignment_policy_v1_1.py,
data_pipeline,pre-monorepo-data-pipeline-20260730,tests/unit/test_operator_contract_unit.py,2770,0933c63f940db4831c4b208458f884b68cbee20c,import_data_pipeline,tests/unit/test_operator_contract_unit.py,
data_pipeline,pre-monorepo-data-pipeline-20260730,tests/unit/test_operator_review_policy_v1_1.py,1473,47f65474106afbe188a063503cd2081679d13721,import_data_pipeline,tests/unit/test_operator_review_policy_v1_1.py,
data_pipeline,pre-monorepo-data-pipeline-20260730,tests/unit/test_operator_stats_by_bucket.py,1548,60c94322056231bc4a8ae01f23362e2659a51df1,import_data_pipeline,tests/unit/test_operator_stats_by_bucket.py,
data_pipeline,pre-monorepo-data-pipeline-20260730,tests/unit/test_registry_loading.py,557,eeeca6a0971c08a19bc0dac8b3beafdcf13db112,import_data_pipeline,tests/unit/test_registry_loading.py,
data_pipeline,pre-monorepo-data-pipeline-20260730,tests/unit/test_registry_policy_filter_v1_1.py,5664,767623ec456a17f8ba9ee6b5ca1943e7b5f85226,import_data_pipeline,tests/unit/test_registry_policy_filter_v1_1.py,
data_pipeline,pre-monorepo-data-pipeline-20260730,tests/unit/test_selector_policy_forwarding_v1_1.py,2273,c5578e2bf2957e769e201582f6fecbf6da1f3e7f,import_data_pipeline,tests/unit/test_selector_policy_forwarding_v1_1.py,
data_pipeline,pre-monorepo-data-pipeline-20260730,tests/unit/test_selector_quota_v1_1.py,2821,225834bfbf8ddec30903daeeacc224ba963d2149,import_data_pipeline,tests/unit/test_selector_quota_v1_1.py,
data_pipeline,pre-monorepo-data-pipeline-20260730,tests/unit/test_validity_guard.py,876,273b3f37103f48c89f473df8386fdf5ca37b00c9,import_data_pipeline,tests/unit/test_validity_guard.py,
